{
   "config": {
      "chainId": 31231,
      "homesteadBlock": 0,
      "eip155Block": 0,
      "eip158Block": 0,
      "byzantiumBlock": 0
   },
   "coinbase": "0xa8c29ab108392022b1c46d7706fdf4f596ded3dd",
   "difficulty": "0",
   "gasLimit": "10000000000000",
   "alloc": {
      "0x4e5fc5cd21923c49569ea2a745f19168e7aff6e6": {
          "balance": "100000000000000000000000000000"
      },
      "0xa8c29ab108392022b1c46d7706fdf4f596ded3dd": {
          "balance": "100000000000000000000000000000"
      }
   }
}
